Institute,Branch,Opening_Rank,Closing_Rank,Gender
IIT/Bombay,CSE         (4110),88.0,280.0,Female
IIT/Delhi,CSE         (4110),307.0,375.0,Female
IIT/Kharagpur,CSE         (4110),391.0,733.0,Female
IIT/Madras,CSE         (4110),102.0,287.0,Female
IIT/Kanpur,CSE         (4110),479.0,666.0,Female
IIT/Roorkee,CSE         (4110),782.0,1003.0,Female
IIT/Guwahati,CSE         (4110),1053.0,1183.0,Female
IIT/Hyderabad,CSE         (4110),493.0,660.0,Female
IIT/BHU Varanasi,CSE         (4110),1204.0,1857.0,Female
IIT/Ropar,CSE         (4110),2331.0,3540.0,Female
IIT/Indore,CSE         (4110),1873.0,2285.0,Female
IIT/ISM Dhanbad,CSE         (4110),2372.0,3440.0,Female
IIT/Gandhinagar,CSE         (4110),2354.0,2700.0,Female
IIT/Patna,CSE         (4110),3010.0,3592.0,Female
IIT/Jodhpur,CSE         (4110),3621.0,3880.0,Female
IIT/Mandi,CSE         (4110),2975.0,3809.0,Female
IIT/ Bhubneshwar,CSE         (4110),2762.0,3481.0,Female
IIT/Tirupati,CSE         (4110),2687.0,3403.0,Female
IIT/Jammu,CSE         (4110),4770.0,5333.0,Female
IIT/Goa,CSE         (4110),4558.0,4786.0,Female
IIT/Bhilai,CSE         (4110),4762.0,4911.0,Female
IIT/Palakkad,CSE         (4110),4334.0,4804.0,Female
IIT/Dharwad,CSE         (4110),4855.0,5296.0,Female
IIT/Madras,AI & DA         (412L),401.0,474.0,Female
IIT/Delhi,Maths & Compu Tech (4124),661.0,956.0,Female
IIT/Guwahati,Maths & Compu Tech (4124),1523.0,2152.0,Female
IIT/BHU Varanasi,Maths & Compu Tech (4124),2145.0,2505.0,Female
IIT/Ropar,Maths & Compu Tech (4124),3870.0,4600.0,Female
IIT/Indore,Maths & Compu Tech (4124),2348.0,2513.0,Female
IIT/ISM Dhanbad,Maths & Compu Tech (4124),3546.0,4428.0,Female
IIT/Patna,Maths & Compu Tech (4124),4516.0,4760.0,Female
IIT/ Bhubneshwar,Maths & Compu Tech (4124),4264.0,4264.0,Female
IIT/Jammu,Maths & Compu Tech (4124),5440.0,6550.0,Female
IIT/Goa,Maths & Compu Tech (4124),5176.0,6344.0,Female
IIT/Dharwad,Maths & Compu Tech (4124),5539.0,5733.0,Female
IISc./Banglore,Maths & Compu Tech (4124),730.0,1067.0,Female
IIT/Kharagpur,AI                   (4185),806.0,1195.0,Female
IIT/Hyderabad,AI                   (4185),858.0,898.0,Female
IIT/Gandhinagar,AI                   (4185),2759.0,2873.0,Female
IIT/Delhi,CSE  (5216),457.0,563.0,Female
IIT/Delhi,Maths & Compu (5254),981.0,1135.0,Female
IIT/Bombay,Elect. Engg. (4111),322.0,885.0,Female
IIT/Delhi,Elect. Engg. (4111),1015.0,1238.0,Female
IIT/Kharagpur,Elect. Engg. (4111),2178.0,2378.0,Female
IIT/Madras,Elect. Engg. (4111),573.0,960.0,Female
IIT/Kanpur,Elect. Engg. (4111),1411.0,2153.0,Female
IIT/Roorkee,Elect. Engg. (4111),2293.0,2672.0,Female
IIT/Hyderabad,Elect. Engg. (4111),1444.0,1982.0,Female
IIT/BHU Varanasi,Elect. Engg. (4111),3076.0,3692.0,Female
IIT/Ropar,Elect. Engg. (4111),5109.0,5987.0,Female
IIT/Indore,Elect. Engg. (4111),2872.0,3723.0,Female
IIT/ISM Dhanbad,Elect. Engg. (4111),4818.0,6076.0,Female
IIT/Gandhinagar,Elect. Engg. (4111),3895.0,4856.0,Female
IIT/Jodhpur,Elect. Engg. (4111),6001.0,6741.0,Female
IIT/Mandi,Elect. Engg. (4111),5819.0,6932.0,Female
IIT/ Bhubneshwar,Elect. Engg. (4111),5616.0,6113.0,Female
IIT/Tirupati,Elect. Engg. (4111),4972.0,6028.0,Female
IIT/Jammu,Elect. Engg. (4111),7905.0,8063.0,Female
IIT/Goa,Elect. Engg. (4111),7474.0,7476.0,Female
IIT/Palakkad,Elect. Engg. (4111),5230.0,7354.0,Female
IIT/Roorkee,ECE          (4114),1518.0,2087.0,Female
IIT/Guwahati,ECE          (4114),2163.0,2619.0,Female
IIT/ISM Dhanbad,ECE          (4114),4069.0,4767.0,Female
IIT/Patna,ECE          (4114),4902.0,5145.0,Female
IIT/ Bhubneshwar,ECE          (4114),3745.0,4475.0,Female
IIT/Bhilai,ECE          (4114),6138.0,6323.0,Female
IIT/Dharwad,ECE          (4114),5679.0,6007.0,Female
IIT/Kharagpur,Electron & Elec Engg EEE (4115),1002.0,1894.0,Female
IIT/Delhi,Elect. Engg.  Power & Auto (4112),1270.0,1965.0,Female
IIT/Kharagpur,Maths & Compu SCI (4208),1312.0,2269.0,Female
IIT/Hyderabad,Maths & Compu SCI (4208),1196.0,1268.0,Female
IIT/Kanpur,Maths & Compu (4203),1951.0,2474.0,Female
IISc./Banglore,Maths & Compu (4203),2649.0,2797.0,Female
IIT/Kanpur,Data Sc. & AI (4181 / 4207),2077.0,2376.0,Female
IIT/Roorkee,Data Sc. & AI (4181 / 4207),1072.0,1177.0,Female
IIT/Guwahati,Data Sc. & AI (4181 / 4207),1351.0,1420.0,Female
IIT/Mandi,Data Sc. & AI (4181 / 4207),4228.0,4684.0,Female
IIT/Bhilai,Data Sc. & AI (4181 / 4207),5373.0,5902.0,Female
IIT/Patna,Data Sc. & AI (4188),3690.0,3867.0,Female
IIT/Jodhpur,Data Sc. & AI (4188),3998.0,4660.0,Female
IIT/Madras,Comp En & Mechs (412U),1442.0,1660.0,Female
IIT/Guwahati,Electronics & Electrical     (4116),2715.0,2820.0,Female
IIT/Patna,Electrical  & Electro  (4144),5483.0,6237.0,Female
IIT/Dharwad,Electrical  & Electro  (4144),6791.0,7627.0,Female
IIT/Bombay,Elect. Engg. (5217),1147.0,1651.0,Female
IIT/BHU Varanasi,Electronics Engg.       (4113),2725.0,3018.0,Female
IIT/Jodhpur,Electronics Engg.       (4113),5142.0,6587.0,Female
IIT/Bombay,Mechanical Engg.  (4125),1288.0,2990.0,Female
IIT/Delhi,Mechanical Engg.  (4125),2792.0,3321.0,Female
IIT/Kharagpur,Mechanical Engg.  (4125),3829.0,4695.0,Female
IIT/Madras,Mechanical Engg.  (4125),3339.0,4297.0,Female
IIT/Kanpur,Mechanical Engg.  (4125),3484.0,4172.0,Female
IIT/Roorkee,Mechanical Engg.  (4125),3628.0,5153.0,Female
IIT/Guwahati,Mechanical Engg.  (4125),5059.0,5461.0,Female
IIT/Hyderabad,Mechanical Engg.  (4125),3236.0,4372.0,Female
IIT/BHU Varanasi,Mechanical Engg.  (4125),6086.0,7082.0,Female
IIT/Ropar,Mechanical Engg.  (4125),6740.0,8315.0,Female
IIT/Indore,Mechanical Engg.  (4125),5505.0,6262.0,Female
IIT/ISM Dhanbad,Mechanical Engg.  (4125),7294.0,8233.0,Female
IIT/Gandhinagar,Mechanical Engg.  (4125),7773.0,8011.0,Female
IIT/Patna,Mechanical Engg.  (4125),8361.0,8791.0,Female
IIT/Jodhpur,Mechanical Engg.  (4125),7407.0,8457.0,Female
IIT/Mandi,Mechanical Engg.  (4125),8628.0,8826.0,Female
IIT/ Bhubneshwar,Mechanical Engg.  (4125),7589.0,8560.0,Female
IIT/Tirupati,Mechanical Engg.  (4125),7812.0,8262.0,Female
IIT/Jammu,Mechanical Engg.  (4125),9314.0,10241.0,Female
IIT/Goa,Mechanical Engg.  (4125),8065.0,9279.0,Female
IIT/Bhilai,Mechanical Engg.  (4125),9206.0,10129.0,Female
IIT/Palakkad,Mechanical Engg.  (4125),9020.0,9327.0,Female
IIT/Dharwad,Mechanical Engg.  (4125),9135.0,10216.0,Female
IIT/Bombay,Chemical Engg   (4107),2926.0,3280.0,Female
IIT/Delhi,Chemical Engg   (4107),3401.0,4023.0,Female
IIT/Kharagpur,Chemical Engg   (4107),4930.0,5452.0,Female
IIT/Madras,Chemical Engg   (4107),3435.0,4824.0,Female
IIT/Kanpur,Chemical Engg   (4107),4038.0,4961.0,Female
IIT/Roorkee,Chemical Engg   (4107),4887.0,5811.0,Female
IIT/Hyderabad,Chemical Engg   (4107),3705.0,5099.0,Female
IIT/BHU Varanasi,Chemical Engg   (4107),6542.0,8000.0,Female
IIT/Ropar,Chemical Engg   (4107),5953.0,7862.0,Female
IIT/Indore,Chemical Engg   (4107),5718.0,7111.0,Female
IIT/ISM Dhanbad,Chemical Engg   (4107),7833.0,8113.0,Female
IIT/Gandhinagar,Chemical Engg   (4107),6416.0,7702.0,Female
IIT/Patna,Chemical Engg   (4107),8875.0,9854.0,Female
IIT/Jodhpur,Chemical Engg   (4107),8464.0,8700.0,Female
IIT/Mandi,Chemical Engg   (4107),8490.0,8629.0,Female
IIT/Tirupati,Chemical Engg   (4107),7340.0,9261.0,Female
IIT/Jammu,Chemical Engg   (4107),10001.0,10449.0,Female
IIT/Bombay,Civil Engg. (4109),2681.0,4410.0,Female
IIT/Delhi,Civil Engg. (4109),3574.0,5414.0,Female
IIT/Kharagpur,Civil Engg. (4109),4891.0,7201.0,Female
IIT/Madras,Civil Engg. (4109),5415.0,7175.0,Female
IIT/Kanpur,Civil Engg. (4109),4877.0,5823.0,Female
IIT/Roorkee,Civil Engg. (4109),5276.0,7347.0,Female
IIT/Guwahati,Civil Engg. (4109),7456.0,7988.0,Female
IIT/Hyderabad,Civil Engg. (4109),5177.0,7015.0,Female
IIT/BHU Varanasi,Civil Engg. (4109),7688.0,8291.0,Female
IIT/Ropar,Civil Engg. (4109),8809.0,9871.0,Female
IIT/Indore,Civil Engg. (4109),8184.0,8509.0,Female
IIT/ISM Dhanbad,Civil Engg. (4109),9623.0,9910.0,Female
IIT/Gandhinagar,Civil Engg. (4109),8756.0,9008.0,Female
IIT/Patna,Civil Engg. (4109),9486.0,10364.0,Female
IIT/Mandi,Civil Engg. (4109),8698.0,9090.0,Female
IIT/ Bhubneshwar,Civil Engg. (4109),,,Female
IIT/Tirupati,Civil Engg. (4109),7590.0,8337.0,Female
IIT/Jammu,Civil Engg. (4109),10987.0,11028.0,Female
IIT/Palakkad,Civil Engg. (4109),8624.0,10142.0,Female
IIT/Bombay,Energy Engg.     (4198),3273.0,4313.0,Female
IIT/Delhi,Energy Engg.     (4198),4115.0,4249.0,Female
IIT/Roorkee,Energy Engg.     (4198),5636.0,5636.0,Female
IIT/Guwahati,Energy Engg.     (4198),7537.0,7537.0,Female
IIT/Patna,ECE & MTe Communic  VLSI (5A06),6294.0,6294.0,Female
IIT/Roorkee,Maths & Compu (5606),2316.0,2567.0,Female
IIT/Dharwad,Maths & Compu (5609) ,10500.0,10692.0,Female
IIT/Patna,EEE & MTe Power cont    (5A07),6902.0,6902.0,Female
IIT/Patna,Mch &MBA IIM Bomb    (5416)/ (5A10),,,Female
IIT/Roorkee,Architect (5101),7330.0,9946.0,Female
IIT/Hyderabad,Computat Engg.    (410A),1945.0,2248.0,Female
IIT/Hyderabad,Elec Engg. IC design Tech.  (410T) / (412J),1779.0,1881.0,Female
IIT/Gandhinagar,Elec Engg. IC design Tech.  (410T) / (412J),5355.0,5865.0,Female
IIT/Kanpur,Material Sc & Engg.          (4123)/411D / (412O),6164.0,7195.0,Female
IIT/BHU Varanasi,Material Sc & Engg.          (4123)/411D / (412O),7990.0,8236.0,Female
IIT/Mandi,Material Sc & Engg.          (4123)/411D / (412O),9281.0,10058.0,Female
IIT/Palakkad,Material Sc & Engg.          (4123)/411D / (412O),10656.0,10785.0,Female
IISc./Banglore,Material Sc & Engg.          (4123)/411D / (412O),4231.0,4231.0,Female
IIT/Mandi,Maths & Computing (411F)/ Major Maths,4022.0,4295.0,Female
IIT/Dharwad,Maths & Computing (411F)/ Major Maths,9768.0,9768.0,Female
IIT/Ropar,AI & Data Engg.       (411G),3890.0,4474.0,Female
IIT/BHU Varanasi,Metallurgic Engg.     (4126) /Minaral (4189),8382.0,9300.0,Female
IIT/ISM Dhanbad,Metallurgic Engg.     (4126) /Minaral (4189),9277.0,9575.0,Female
IIT/Kharagpur,Metallurg & Material SC   (4127)/(4161),5949.0,7677.0,Female
IIT/Madras,Metallurg & Material SC   (4127)/(4161),4301.0,4737.0,Female
IIT/Roorkee,Metallurg & Material SC   (4127)/(4161),6797.0,7375.0,Female
IIT/Hyderabad,Metallurg & Material SC   (4127)/(4161),6653.0,7147.0,Female
IIT/Ropar,Metallurg & Material SC   (4127)/(4161),9560.0,10272.0,Female
IIT/Patna,Metallurg & Material SC   (4127)/(4161),10017.0,10452.0,Female
IIT/ Bhubneshwar,Metallurg & Material SC   (4127)/(4161),9826.0,10420.0,Female
IIT/Ropar,Elec Engg. Circuit & Tech (413B),5109.0,5987.0,Female
IIT/Jodhpur,Civil Engg & Infrastruc.    (4141),7488.0,8646.0,Female
IIT/Dharwad,Civil Engg & Infrastruc.    (4141),9350.0,10271.0,Female
IIT/Palakkad,Data Sc. & Engg.     (4187) ,5402.0,5773.0,Female
IIT/Delhi,Chemical Engg.       (5210),4126.0,5075.0,Female
IIT/Patna,BT Civil & structural (5A04),10167.0,10167.0,Female
IIT/Bombay,Aerospace Engg. /Space Sc      (4101)/ (413I),2638.0,3632.0,Female
IIT/Kharagpur,Aerospace Engg. /Space Sc      (4101)/ (413I),3550.0,5228.0,Female
IIT/Madras,Aerospace Engg. /Space Sc      (4101)/ (413I),2583.0,3378.0,Female
IIT/Kanpur,Aerospace Engg. /Space Sc      (4101)/ (413I),3935.0,4904.0,Female
IIT/Indore,Aerospace Engg. /Space Sc      (4101)/ (413I),6928.0,6928.0,Female
IIT/Jodhpur,Aerospace Engg. /Space Sc      (4101)/ (413I),6952.0,7461.0,Female
IISc./Banglore,Aerospace Engg. /Space Sc      (4101)/ (413I),3729.0,3843.0,Female
IIT/Madras,Aerospace Engg.      (5201),4706.0,4706.0,Female
IIT/Patna,Btech AI & MBA Gaya (5414),5780.0,5780.0,Female
IIT/Bombay,Instrumentation Engg.       (4121) Indust (412I),1986.0,2608.0,Female
IIT/Kharagpur,Instrumentation Engg.       (4121) Indust (412I),,,Female
IIT/Bombay,Chemistry     (4201)   Petroleum Engg (4134),7623.0,7860.0,Female
IIT/Delhi,Chemistry     (4201)   Petroleum Engg (4134),8487.0,9163.0,Female
IIT/Kharagpur,Chemistry     (4201)   Petroleum Engg (4134),9759.0,9932.0,Female
IIT/Kanpur,Chemistry     (4201)   Petroleum Engg (4134),8327.0,9266.0,Female
IIT/ISM Dhanbad,Chemistry     (4201)   Petroleum Engg (4134),8817.0,10045.0,Female
IIT/Bombay,Engg. Physics    (4117),3029.0,3840.0,Female
IIT/Delhi,Engg. Physics    (4117),3036.0,4968.0,Female
IIT/Madras,Engg. Physics    (4117),2951.0,3015.0,Female
IIT/Roorkee,Engg. Physics    (4117),5878.0,6664.0,Female
IIT/Guwahati,Engg. Physics    (4117),6975.0,6595.0,Female
IIT/Hyderabad,Engg. Physics    (4117),3722.0,3722.0,Female
IIT/BHU Varanasi,Engg. Physics    (4117),6515.0,7552.0,Female
IIT/Ropar,Engg. Physics    (4117),8350.0,8350.0,Female
IIT/Indore,Engg. Physics    (4117),8044.0,8044.0,Female
IIT/ISM Dhanbad,Engg. Physics    (4117),8318.0,8427.0,Female
IIT/Patna,Engg. Physics    (4117),9220.0,9767.0,Female
IIT/Mandi,Engg. Physics    (4117),9790.0,10363.0,Female
IIT/ Bhubneshwar,Engg. Physics    (4117),8625.0,8625.0,Female
IIT/Tirupati,Engg. Physics    (4117),8725.0,8725.0,Female
IIT/Jammu,Engg. Physics    (4117),11046.0,11136.0,Female
IIT/Dharwad,Engg. Physics    (4117),9282.0,9521.0,Female
IIT/Bombay,Metallurgical Engg & Mat Sc  (4128),3417.0,4498.0,Female
IIT/Indore,Metallurgical Engg & Mat Sc  (4128),8553.0,9269.0,Female
IIT/Bhilai,Metallurgical Engg & Mat Sc  (4128),10427.0,10427.0,Female
IIT/Bombay,BS in Maths     (4206),3185.0,3185.0,Female
IIT/Bombay,Economics    (4202)/ (5608) ,2749.0,3139.0,Female
IIT/Kharagpur,Economics    (4202)/ (5608) ,5542.0,6698.0,Female
IIT/Kanpur,Economics    (4202)/ (5608) ,4980.0,5416.0,Female
IIT/Roorkee,Economics    (4202)/ (5608) ,5564.0,6503.0,Female
IIT/Patna,Economics    (4202)/ (5608) ,8343.0,8343.0,Female
IIT/Bombay,Environment Sc.  (410U)  Engg (4119),4511.0,5353.0,Female
IIT/ISM Dhanbad,Environment Sc.  (410U)  Engg (4119),9698.0,10374.0,Female
IIT/Bombay,Applied Engg & Geo Phy     (4215),7744.0,7744.0,Female
IIT/Mandi,B.Tech in Microelectro (411E),3887.0,6124.0,Female
IIT/Mandi,B.Tech in Gen. Engg.    (410Y),7952.0,7966.0,Female
IIT/Mandi,BS in Chemical Sc.   (4213),10600.0,10910.0,Female
IIT/Madras,Bio. Engg.   (4143)/(412N) Bio Sc. (4194)/(4191),7410.0,7410.0,Female
IIT/Roorkee,Bio. Engg.   (4143)/(412N) Bio Sc. (4194)/(4191),6576.0,8056.0,Female
IIT/Guwahati,Bio. Engg.   (4143)/(412N) Bio Sc. (4194)/(4191),7949.0,8987.0,Female
IIT/Hyderabad,Bio. Engg.   (4143)/(412N) Bio Sc. (4194)/(4191),6943.0,7237.0,Female
IIT/Jodhpur,Bio. Engg.   (4143)/(412N) Bio Sc. (4194)/(4191),9812.0,10635.0,Female
IIT/Mandi,Bio. Engg.   (4143)/(412N) Bio Sc. (4194)/(4191),10225.0,10546.0,Female
IIT/Delhi,Engg. & Computational Engg (4192),1916.0,2020.0,Female
IIT/Delhi,Bio Tech & Bio Engg.  (4105)/(4199) (4173),6552.0,6855.0,Female
IIT/Hyderabad,Bio Tech & Bio Engg.  (4105)/(4199) (4173),6109.0,6204.0,Female
IIT/BHU Varanasi,Bio Tech & Bio Engg.  (4105)/(4199) (4173),8889.0,8889.0,Female
IIT/Delhi,Production & Industrial Eng (4136) Mechat engg (4178),4726.0,5756.0,Female
IIT/Roorkee,Production & Industrial Eng (4136) Mechat engg (4178),5978.0,6783.0,Female
IIT/Bhilai,Production & Industrial Eng (4136) Mechat engg (4178),8096.0,8800.0,Female
IIT/Delhi,Material Sc.   (4193),5532.0,5611.0,Female
IIT/Gandhinagar,Material Sc.   (4193),8304.0,8918.0,Female
IIT/Jodhpur,Material Sc.   (4193),9554.0,10038.0,Female
IIT/Jammu,Material Sc.   (4193),10758.0,11051.0,Female
IIT/Delhi,Textile Tech. (4139)/ Ceramic (4106),5659.0,6765.0,Female
IIT/BHU Varanasi,Textile Tech. (4139)/ Ceramic (4106),10030.0,10781.0,Female
IIT/Delhi,Design       (412T),5238.0,5238.0,Female
IIT/Kharagpur,Idustrial chem Sc. & Engg.            (4170)/(410B)  (410D),3416.0,3996.0,Female
IIT/Hyderabad,Idustrial chem Sc. & Engg.            (4170)/(410B)  (410D),6734.0,7191.0,Female
IIT/BHU Varanasi,Idustrial chem Sc. & Engg.            (4170)/(410B)  (410D),8494.0,10245.0,Female
IIT/Dharwad,Idustrial chem Sc. & Engg.            (4170)/(410B)  (410D),9074.0,10290.0,Female
IIT/Kharagpur,Manufacturi Sci. & Engg. (4122),5946.0,6250.0,Female
IIT/Kharagpur,Mining Engg. (4130)/ Space Engg/ Machin (4131),7699.0,9073.0,Female
IIT/BHU Varanasi,Mining Engg. (4130)/ Space Engg/ Machin (4131),10327.0,10900.0,Female
IIT/ISM Dhanbad,Mining Engg. (4130)/ Space Engg/ Machin (4131),,,Female
IIT/Kharagpur,Agriculture & Food Tech.   (4102) /(412W),7075.0,9390.0,Female
IIT/Kharagpur,Ocean & Naval Engg.   (4133),7648.0,8100.0,Female
IIT/Kharagpur,Exploration Geophysics (4210 /  Biotech 4205)/ Earth Engg,,,Female
IIT/Kanpur,Exploration Geophysics (4210 /  Biotech 4205)/ Earth Engg,8396.0,9100.0,Female
IIT/Kharagpur,Applied Geo Physics   (4209),9550.0,10166.0,Female
IIT/Kharagpur,Physics           (4204),9446.0,9702.0,Female
IIT/Madras,Physics           (4204),6494.0,6494.0,Female
IIT/Kanpur,Physics           (4204),6616.0,8990.0,Female
IIT/Dharwad,Physics           (4204),11146.0,11146.0,Female
IIT/Madras,Engg Design (5227),2751.0,4336.0,Female
IIT/Madras,Biological Engg (411 N) Biochem/ Biomed (412M)/ (412V),4769.0,5907.0,Female
IIT/BHU Varanasi,Biological Engg (411 N) Biochem/ Biomed (412M)/ (412V),9616.0,9616.0,Female
IIT/Madras,Naval Arch & ocean Engg   (4132),5783.0,6995.0,Female
IIT/Madras,Biological Sc. (4214/ 4103),7410.0,7410.0,Female
IIT/Kanpur,Biological Sc. (4214/ 4103),7206.0,7338.0,Female
IIT/Patna,B Tech civil  & MBA BG   (5407) / CE + Geot (5A03),,,Female
IIT/Patna,B Tech Chem Sc. & MBA BG   (5406),10305.0,10305.0,Female
IIT/Patna,B Tech ECE & MBA BG   (5409),6294.0,6294.0,Female
IIT/Patna,B Tech Engg phy  & MBA BG   (5410),9873.0,9873.0,Female
IIT/Patna,B Tech maths comp. & MBA BG   (5411),5339.0,5339.0,Female
IIT/Patna,"B Tech ME , Mtech mechtro   (5412)",9260.0,9260.0,Female
IIT/Patna,B Tech EEE & Mtech Power control   (5413),6902.0,6902.0,Female
IIT/ISM Dhanbad,B Tech Chem Sc. & / Minning MBA BG   (5415),9510.0,10755.0,Female
IIT/Roorkee,Geological Tech(5302) Min + MBA (5C02),9685.0,9893.0,Female
IIT/ISM Dhanbad,Geological Tech(5302) Min + MBA (5C02),10240.0,10240.0,Female
IIT/Roorkee,Chemical Sc. (5607) Applied Geophy (5307),9692.0,9908.0,Female
IIT/ISM Dhanbad,Chemical Sc. (5607) Applied Geophy (5307),11106.0,11106.0,Female
IIT/Roorkee,Geophysical Sc. (5303) Applied Geol (5306),9245.0,9435.0,Female
IIT/ISM Dhanbad,Geophysical Sc. (5303) Applied Geol (5306),10482.0,10482.0,Female
IIT/Roorkee,Physics   (5602) Physical Sci (5H0A)/ (4211),10149.0,10201.0,Female
IIT/ISM Dhanbad,Physics   (5602) Physical Sci (5H0A)/ (4211),10849.0,10849.0,Female
IIT/Jodhpur,Physics   (5602) Physical Sci (5H0A)/ (4211),9285.0,9285.0,Female
IIT/Guwahati,Chemical Sci (4108)   / Engg Chem (5H2B)/ (4212),6830.0,7675.0,Female
IIT/Patna,Chemical Sci (4108)   / Engg Chem (5H2B)/ (4212),9827.0,9938.0,Female
IIT/Jodhpur,Chemical Sci (4108)   / Engg Chem (5H2B)/ (4212),10768.0,10768.0,Female
IIT/Hyderabad,Engg. Sci. (4118)/ Unified Engg,2754.0,2941.0,Female
IIT/Ropar,Engg. Sci. (4118)/ Unified Engg,7273.0,7867.0,Female
IIT/Jammu,Engg. Sci. (4118)/ Unified Engg,10235.0,10258.0,Female
IIT/Bombay,CSE         (4110),22.0,62.0,Male
IIT/Delhi,CSE         (4110),53.0,108.0,Male
IIT/Kharagpur,CSE         (4110),159.0,258.0,Male
IIT/Madras,CSE         (4110),35.0,96.0,Male
IIT/Kanpur,CSE         (4110),97.0,158.0,Male
IIT/Roorkee,CSE         (4110),178.0,312.0,Male
IIT/Guwahati,CSE         (4110),315.0,392.0,Male
IIT/Hyderabad,CSE         (4110),183.0,299.0,Male
IIT/BHU Varanasi,CSE         (4110),394.0,601.0,Male
IIT/Ropar,CSE         (4110),868.0,1220.0,Male
IIT/Indore,CSE         (4110),469.0,713.0,Male
IIT/ISM Dhanbad,CSE         (4110),987.0,1334.0,Male
IIT/Gandhinagar,CSE         (4110),718.0,986.0,Male
IIT/Patna,CSE         (4110),919.0,1258.0,Male
IIT/Jodhpur,CSE         (4110),971.0,1536.0,Male
IIT/Mandi,CSE         (4110),1131.0,1434.0,Male
IIT/ Bhubneshwar,CSE         (4110),1242.0,1551.0,Male
IIT/Tirupati,CSE         (4110),1567.0,1971.0,Male
IIT/Jammu,CSE         (4110),1745.0,2662.0,Male
IIT/Goa,CSE         (4110),1768.0,2234.0,Male
IIT/Bhilai,CSE         (4110),2256.0,2815.0,Male
IIT/Palakkad,CSE         (4110),2007.0,2432.0,Male
IIT/Dharwad,CSE         (4110),2264.0,2782.0,Male
IIT/Madras,AI & DA         (412L),100.0,161.0,Male
IIT/Delhi,Maths & Compu Tech  (4124),131.0,199.0,Male
IIT/Guwahati,Maths & Compu Tech  (4124),447.0,625.0,Male
IIT/BHU Varanasi,Maths & Compu Tech  (4124),706.0,845.0,Male
IIT/Ropar,Maths & Compu Tech  (4124),1129.0,1911.0,Male
IIT/Indore,Maths & Compu Tech  (4124),880.0,973.0,Male
IIT/ISM Dhanbad,Maths & Compu Tech  (4124),1316.0,1739.0,Male
IIT/Patna,Maths & Compu Tech  (4124),1302.0,1923.0,Male
IIT/Jodhpur,Maths & Compu Tech  (4124),1962.0,2303.0,Male
IIT/ Bhubneshwar,Maths & Compu Tech  (4124),1750.0,1959.0,Male
IIT/Jammu,Maths & Compu Tech  (4124),2600.0,3337.0,Male
IIT/Goa,Maths & Compu Tech  (4124),2450.0,2964.0,Male
IIT/Dharwad,Maths & Compu Tech  (4124),2798.0,3200.0,Male
IISc./Banglore,Maths & Compu Tech  (4124),235.0,567.0,Male
IIT/Kharagpur,AI                   (4185),389.0,432.0,Male
IIT/Hyderabad,AI                   (4185),313.0,405.0,Male
IIT/Gandhinagar,AI                   (4185),640.0,1169.0,Male
IIT/Patna,AI                   (4185),1352.0,1602.0,Male
IIT/Patna,Maths & Compu (5609) / (5A09),1934.0,1953.0,Male
IIT/Delhi,CSE  (5216),109.0,166.0,Male
IIT/Roorkee,CSE  (5216),522.0,789.0,Male
IIT/Ropar,AI & Data Engg.       (411G),1347.0,1812.0,Male
IIT/Delhi,Maths & Compu Engg (5254),200.0,247.0,Male
IIT/Patna,CSE & MTe CSE    (5A05),1409.0,1558.0,Male
IIT/Bombay,Elect. Engg. (4111),106.0,281.0,Male
IIT/Delhi,Elect. Engg. (4111),328.0,425.0,Male
IIT/Kharagpur,Elect. Engg. (4111),734.0,946.0,Male
IIT/Madras,Elect. Engg. (4111),144.0,377.0,Male
IIT/Kanpur,Elect. Engg. (4111),431.0,693.0,Male
IIT/Roorkee,Elect. Engg. (4111),763.0,1027.0,Male
IIT/Hyderabad,Elect. Engg. (4111),404.0,894.0,Male
IIT/BHU Varanasi,Elect. Engg. (4111),1197.0,1529.0,Male
IIT/Ropar,Elect. Engg. (4111),1907.0,2807.0,Male
IIT/Indore,Elect. Engg. (4111),817.0,1522.0,Male
IIT/ISM Dhanbad,Elect. Engg. (4111),2174.0,2743.0,Male
IIT/Gandhinagar,Elect. Engg. (4111),1515.0,1938.0,Male
IIT/Jodhpur,Elect. Engg. (4111),2098.0,2983.0,Male
IIT/Mandi,Elect. Engg. (4111),2182.0,3005.0,Male
IIT/ Bhubneshwar,Elect. Engg. (4111),2394.0,2970.0,Male
IIT/Tirupati,Elect. Engg. (4111),2493.0,3354.0,Male
IIT/Jammu,Elect. Engg. (4111),3435.0,4230.0,Male
IIT/Goa,Elect. Engg. (4111),3256.0,3804.0,Male
IIT/Palakkad,Elect. Engg. (4111),2764.0,3719.0,Male
IIT/Roorkee,ECE          (4114),374.0,752.0,Male
IIT/Guwahati,ECE          (4114),770.0,899.0,Male
IIT/ISM Dhanbad,ECE          (4114),4069.0,4767.0,Male
IIT/Patna,ECE          (4114),1791.0,2297.0,Male
IIT/ Bhubneshwar,ECE          (4114),1553.0,2132.0,Male
IIT/Bhilai,ECE          (4114),2653.0,3498.0,Male
IIT/Dharwad,ECE          (4114),3012.0,3441.0,Male
IIT/Madras,Comp En & Mechs (412U),288.0,645.0,Male
IISc./Banglore,Comp En & Mechs (412U),648.0,923.0,Male
IIT/Kanpur,Data Sc. & AI (4181 / 4207),656.0,823.0,Male
IIT/Roorkee,Data Sc. & AI (4181 / 4207),319.0,433.0,Male
IIT/Guwahati,Data Sc. & AI (4181 / 4207),455.0,544.0,Male
IIT/Mandi,Data Sc. & AI (4181 / 4207),1494.0,1850.0,Male
IIT/Bhilai,Data Sc. & AI (4181 / 4207),2842.0,3112.0,Male
IIT/Kanpur,Maths & Compu (4203),250.0,707.0,Male
IIT/Delhi,Elect. Engg.  Power & Auto (4112),289.0,524.0,Male
IIT/Kharagpur,Electron & Elec Eng   EEE (4115),429.0,735.0,Male
IIT/Ropar,Elec Engg. Circuit & Tech (413B),2162.0,2283.0,Male
IIT/Kharagpur,Maths & Compu SCI (4208),449.0,709.0,Male
IIT/Hyderabad,Maths & Compu SCI (4208),251.0,440.0,Male
IIT/Patna,Data Sc. & AI (4188),1352.0,1602.0,Male
IIT/Jodhpur,Data Sc. & AI (4188),1377.0,1946.0,Male
IIT/Guwahati,Electronics & Electrical     (4116),968.0,1060.0,Male
IIT/Hyderabad,Computat Engg.    (410A),727.0,949.0,Male
IIT/Bombay,Elect. Engg. (5217),296.0,545.0,Male
IIT/Bhilai,Elect. Engg. (5217),3608.0,4369.0,Male
IIT/Palakkad,Elect. Engg. (5217),2882.0,3699.0,Male
IIT/Hyderabad,Elec Engg. IC design Tech.  (410T) / (412J),558.0,855.0,Male
IIT/Gandhinagar,Elec Engg. IC design Tech.  (410T) / (412J),1664.0,2074.0,Male
IIT/Bombay,Aerospace Engg. Space Sc.      (4101)/ (413I),517.0,1546.0,Male
IIT/Kharagpur,Aerospace Engg. Space Sc.      (4101)/ (413I),2135.0,2423.0,Male
IIT/Madras,Aerospace Engg. Space Sc.      (4101)/ (413I),816.0,1868.0,Male
IIT/Kanpur,Aerospace Engg. Space Sc.      (4101)/ (413I),1723.0,2121.0,Male
IIT/Indore,Aerospace Engg. Space Sc.      (4101)/ (413I),2869.0,3520.0,Male
IISc./Banglore,Aerospace Engg. Space Sc.      (4101)/ (413I),1132.0,1942.0,Male
IIT/Patna,Mch &MBA IIM Bomb    (5416)/ (5A10),,,Male
IIT/Madras,Aerospace Engg.      (5201),1032.0,1456.0,Male
IIT/Jodhpur,Aerospace Engg.      (5201),3030.0,4005.0,Male
IIT/BHU Varanasi,Electronics Engg.       (4113),884.0,1189.0,Male
IIT/Jodhpur,Electronics Engg.       (4113),2185.0,2770.0,Male
IIT/Bombay,Energy Engg.     (4198),1363.0,1577.0,Male
IIT/Delhi,Energy Engg.     (4198),1406.0,1821.0,Male
IIT/Roorkee,Energy Engg.     (4198),2453.0,2536.0,Male
IIT/Guwahati,Energy Engg.     (4198),2550.0,2821.0,Male
IIT/Patna,Electrical  & Electro  (4144),2310.0,2817.0,Male
IIT/Dharwad,Electrical  & Electro  (4144),3548.0,4026.0,Male
IIT/Roorkee,Maths & Compu Sci (5606),522.0,789.0,Male
IIT/Bombay,Engg. Physics    (4117),277.0,1162.0,Male
IIT/Delhi,Engg. Physics    (4117),764.0,1679.0,Male
IIT/Madras,Engg. Physics    (4117),486.0,756.0,Male
IIT/Roorkee,Engg. Physics    (4117),1926.0,2356.0,Male
IIT/Guwahati,Engg. Physics    (4117),2041.0,3122.0,Male
IIT/Hyderabad,Engg. Physics    (4117),1306.0,1994.0,Male
IIT/BHU Varanasi,Engg. Physics    (4117),3220.0,3620.0,Male
IIT/Ropar,Engg. Physics    (4117),4346.0,4557.0,Male
IIT/Indore,Engg. Physics    (4117),3323.0,3720.0,Male
IIT/ISM Dhanbad,Engg. Physics    (4117),3831.0,4499.0,Male
IIT/Patna,Engg. Physics    (4117),4104.0,4785.0,Male
IIT/Jodhpur,Engg. Physics    (4117),4462.0,5465.0,Male
IIT/Mandi,Engg. Physics    (4117),4480.0,5041.0,Male
IIT/ Bhubneshwar,Engg. Physics    (4117),4399.0,4967.0,Male
IIT/Tirupati,Engg. Physics    (4117),4802.0,5019.0,Male
IIT/Jammu,Engg. Physics    (4117),5501.0,6136.0,Male
IIT/Dharwad,Engg. Physics    (4117),5022.0,5775.0,Male
IIT/Bombay,Chemical Engg   (4107),762.0,1354.0,Male
IIT/Delhi,Chemical Engg   (4107),1019.0,1452.0,Male
IIT/Kharagpur,Chemical Engg   (4107),2061.0,2501.0,Male
IIT/Madras,Chemical Engg   (4107),1353.0,1944.0,Male
IIT/Kanpur,Chemical Engg   (4107),1609.0,2148.0,Male
IIT/Roorkee,Chemical Engg   (4107),1973.0,2449.0,Male
IIT/Guwahati,Chemical Engg   (4107),2160.0,2844.0,Male
IIT/Hyderabad,Chemical Engg   (4107),1974.0,2270.0,Male
IIT/BHU Varanasi,Chemical Engg   (4107),2851.0,3609.0,Male
IIT/Ropar,Chemical Engg   (4107),3953.0,4517.0,Male
IIT/Indore,Chemical Engg   (4107),3443.0,3666.0,Male
IIT/ISM Dhanbad,Chemical Engg   (4107),3792.0,4592.0,Male
IIT/Gandhinagar,Chemical Engg   (4107),3172.0,3957.0,Male
IIT/Patna,Chemical Engg   (4107),3756.0,4931.0,Male
IIT/Jodhpur,Chemical Engg   (4107),4206.0,4977.0,Male
IIT/Tirupati,Chemical Engg   (4107),4810.0,5642.0,Male
IIT/Jammu,Chemical Engg   (4107),5218.0,5905.0,Male
IIT/Bombay,Mechanical Engg.  (4125),489.0,1048.0,Male
IIT/Delhi,Mechanical Engg.  (4125),811.0,1090.0,Male
IIT/Kharagpur,Mechanical Engg.  (4125),1257.0,1875.0,Male
IIT/Madras,Mechanical Engg.  (4125),673.0,1218.0,Male
IIT/Kanpur,Mechanical Engg.  (4125),972.0,1578.0,Male
IIT/Roorkee,Mechanical Engg.  (4125),1040.0,1969.0,Male
IIT/Guwahati,Mechanical Engg.  (4125),1981.0,2333.0,Male
IIT/Hyderabad,Mechanical Engg.  (4125),1310.0,2008.0,Male
IIT/BHU Varanasi,Mechanical Engg.  (4125),2146.0,3175.0,Male
IIT/Ropar,Mechanical Engg.  (4125),3276.0,4096.0,Male
IIT/Indore,Mechanical Engg.  (4125),2375.0,3178.0,Male
IIT/ISM Dhanbad,Mechanical Engg.  (4125),3196.0,3959.0,Male
IIT/Gandhinagar,Mechanical Engg.  (4125),2553.0,3477.0,Male
IIT/Patna,Mechanical Engg.  (4125),1302.0,1923.0,Male
IIT/Jodhpur,Mechanical Engg.  (4125),3138.0,4279.0,Male
IIT/Mandi,Mechanical Engg.  (4125),3304.0,4459.0,Male
IIT/ Bhubneshwar,Mechanical Engg.  (4125),3454.0,4352.0,Male
IIT/Tirupati,Mechanical Engg.  (4125),3939.0,4473.0,Male
IIT/Jammu,Mechanical Engg.  (4125),4573.0,5426.0,Male
IIT/Goa,Mechanical Engg.  (4125),4663.0,5287.0,Male
IIT/Bhilai,Mechanical Engg.  (4125),4555.0,5514.0,Male
IIT/Palakkad,Mechanical Engg.  (4125),4064.0,4721.0,Male
IIT/Dharwad,Mechanical Engg.  (4125),4179.0,5570.0,Male
IIT/Bombay,Instrumentation Engg.       (4121) Indust (412I),350.0,864.0,Male
IIT/Kharagpur,Instrumentation Engg.       (4121) Indust (412I),966.0,1348.0,Male
IIT/Delhi,Engg. & Computational Engg (4192),578.0,783.0,Male
IIT/Delhi,Production & Industrial Eng (4136) Mechat engg (4178),1325.0,2207.0,Male
IIT/Roorkee,Production & Industrial Eng (4136) Mechat engg (4178),2317.0,3027.0,Male
IIT/Bhilai,Production & Industrial Eng (4136) Mechat engg (4178),4453.0,4885.0,Male
IIT/Bombay,Civil Engg. (4109),1023.0,2025.0,Male
IIT/Delhi,Civil Engg. (4109),1510.0,2318.0,Male
IIT/Kharagpur,Civil Engg. (4109),2335.0,3271.0,Male
IIT/Madras,Civil Engg. (4109),2094.0,2644.0,Male
IIT/Kanpur,Civil Engg. (4109),2488.0,3058.0,Male
IIT/Roorkee,Civil Engg. (4109),2396.0,3084.0,Male
IIT/Guwahati,Civil Engg. (4109),3092.0,3639.0,Male
IIT/Hyderabad,Civil Engg. (4109),2125.0,3370.0,Male
IIT/BHU Varanasi,Civil Engg. (4109),3460.0,3980.0,Male
IIT/Ropar,Civil Engg. (4109),3983.0,4649.0,Male
IIT/Indore,Civil Engg. (4109),3349.0,4081.0,Male
IIT/ISM Dhanbad,Civil Engg. (4109),4234.0,4812.0,Male
IIT/Gandhinagar,Civil Engg. (4109),3818.0,4256.0,Male
IIT/Patna,Civil Engg. (4109),4657.0,5370.0,Male
IIT/Mandi,Civil Engg. (4109),4765.0,5432.0,Male
IIT/ Bhubneshwar,Civil Engg. (4109),,,Male
IIT/Tirupati,Civil Engg. (4109),5374.0,5835.0,Male
IIT/Jammu,Civil Engg. (4109),5428.0,6065.0,Male
IIT/Palakkad,Civil Engg. (4109),5108.0,6072.0,Male
IIT/Patna,ECE & MTe Communic (521Q) / VLSI (5A06),,,Male
IIT/Kanpur,Material Sc & Engg.          (4123) /411D / (412O),2726.0,3149.0,Male
IIT/BHU Varanasi,Material Sc & Engg.          (4123) /411D / (412O),3670.0,4257.0,Male
IIT/Mandi,Material Sc & Engg.          (4123) /411D / (412O),4564.0,5734.0,Male
IIT/Palakkad,Material Sc & Engg.          (4123) /411D / (412O),5592.0,6216.0,Male
IISc./Banglore,Material Sc & Engg.          (4123) /411D / (412O),1563.0,2323.0,Male
IIT/Kharagpur,Metallurg & Material SC   (4127)/(4161),2984.0,3584.0,Male
IIT/Madras,Metallurg & Material SC   (4127)/(4161),2245.0,2499.0,Male
IIT/Roorkee,Metallurg & Material SC   (4127)/(4161),2808.0,3585.0,Male
IIT/Hyderabad,Metallurg & Material SC   (4127)/(4161),2707.0,3329.0,Male
IIT/Ropar,Metallurg & Material SC   (4127)/(4161),4836.0,5490.0,Male
IIT/Patna,Metallurg & Material SC   (4127)/(4161),5248.0,5848.0,Male
IIT/ Bhubneshwar,Metallurg & Material SC   (4127)/(4161),4913.0,5825.0,Male
IIT/Bhilai,Metallurg & Material SC   (4127)/(4161),5557.0,6105.0,Male
IIT/BHU Varanasi,Metallurgic Engg.     (4126) /Minaral (4189),3679.0,4494.0,Male
IIT/ISM Dhanbad,Metallurgic Engg.     (4126) /Minaral (4189),4489.0,5669.0,Male
IIT/Bombay,Metallurgical Engg & Mat Sc  (4128),1649.0,2289.0,Male
IIT/Indore,Metallurgical Engg & Mat Sc  (4128),4084.0,4637.0,Male
IIT/Delhi,Chemical Engg.       (5210),1539.0,2198.0,Male
IIT/Patna,EEE & MTe Power cont    (5A07),2900.0,3485.0,Male
IIT/Mandi,Maths & Computing (411F),1391.0,1920.0,Male
IIT/Patna,Btech AI & MBA Gaya (5414),2608.0,2608.0,Male
IIT/Bombay,BS in Maths     (4206),667.0,886.0,Male
IIT/Dharwad,BS in Maths     (4206),5657.0,6017.0,Male
IIT/Delhi,Material Sc./ Engg.   (4193),1952.0,2359.0,Male
IIT/Gandhinagar,Material Sc./ Engg.   (4193),4390.0,5156.0,Male
IIT/Jodhpur,Material Sc./ Engg.   (4193),5037.0,5948.0,Male
IIT/Jammu,Material Sc./ Engg.   (4193),6036.0,6266.0,Male
IIT/Kharagpur,Idustrial Sc. & Engg.            (4170)/(410B)  (410D),1475.0,2278.0,Male
IIT/Hyderabad,Idustrial Sc. & Engg.            (4170)/(410B)  (410D),2639.0,3602.0,Male
IIT/BHU Varanasi,Idustrial Sc. & Engg.            (4170)/(410B)  (410D),4497.0,4681.0,Male
IIT/Dharwad,Idustrial Sc. & Engg.            (4170)/(410B)  (410D),5564.0,6021.0,Male
IIT/Kharagpur,Manufacturi Sci. & Engg. (4122),2732.0,3361.0,Male
IIT/Madras,Engg Design (5227),746.0,1322.0,Male
IIT/Kharagpur,Physics           (4204)/ Quantum Sci and Engg./ Unified Engg,3746.0,5182.0,Male
IIT/Madras,Physics           (4204)/ Quantum Sci and Engg./ Unified Engg,2100.0,2327.0,Male
IIT/Kanpur,Physics           (4204)/ Quantum Sci and Engg./ Unified Engg,2805.0,4365.0,Male
IIT/Mandi,Physics           (4204)/ Quantum Sci and Engg./ Unified Engg,2254.0,3219.0,Male
IIT/Jammu,Physics           (4204)/ Quantum Sci and Engg./ Unified Engg,4147.0,5994.0,Male
IIT/Dharwad,Physics           (4204)/ Quantum Sci and Engg./ Unified Engg,6037.0,6372.0,Male
IIT/Madras,Biological Engg (411 N) Biochem/ Biomed (412M)/ (412V),2032.0,3111.0,Male
IIT/BHU Varanasi,Biological Engg (411 N) Biochem/ Biomed (412M)/ (412V),,,Male
IIT/Jodhpur,Biological Engg (411 N) Biochem/ Biomed (412M)/ (412V),5034.0,6116.0,Male
IIT/Madras,Naval Arch & ocean Engg   (4132),2226.0,3215.0,Male
IIT/Madras,Biological Sc. (4214/ 4103),4328.0,4969.0,Male
IIT/Kanpur,Biological Sc. (4214/ 4103),3222.0,3688.0,Male
IIT/Delhi,Textile Tech. (4139)/ Ceramic (4106),2569.0,3313.0,Male
IIT/BHU Varanasi,Textile Tech. (4139)/ Ceramic (4106),4044.0,4990.0,Male
IIT/Jodhpur,Civil Engg & Infrastruc.    (4141),3793.0,4930.0,Male
IIT/Dharwad,Civil Engg & Infrastruc.    (4141),5766.0,6129.0,Male
IIT/Patna,BT Civil & structural (5A04),5569.0,5585.0,Male
IIT/Kharagpur,Architect (5101),6975.0,7973.0,Male
IIT/Roorkee,Architect (5101),5821.0,7464.0,Male
IIT/BHU Varanasi,Architect (5101),8415.0,9002.0,Male
IIT/Bombay,Chemistry     (4201)   Petroleum Engg (4134),3065.0,4062.0,Male
IIT/Delhi,Chemistry     (4201)   Petroleum Engg (4134),4233.0,4691.0,Male
IIT/Kharagpur,Chemistry     (4201)   Petroleum Engg (4134),5172.0,5798.0,Male
IIT/Kanpur,Chemistry     (4201)   Petroleum Engg (4134),4371.0,4997.0,Male
IIT/ISM Dhanbad,Chemistry     (4201)   Petroleum Engg (4134),4068.0,4987.0,Male
IIT/Patna,Chemistry     (4201)   Petroleum Engg (4134),6259.0,6357.0,Male
IIT/Bombay,Economics    (4202)/ (5608) / MBA BG (5F0A),882.0,1449.0,Male
IIT/Kharagpur,Economics    (4202)/ (5608) / MBA BG (5F0A),2563.0,3213.0,Male
IIT/Kanpur,Economics    (4202)/ (5608) / MBA BG (5F0A),1499.0,2338.0,Male
IIT/Roorkee,Economics    (4202)/ (5608) / MBA BG (5F0A),2721.0,3410.0,Male
IIT/Patna,Economics    (4202)/ (5608) / MBA BG (5F0A),,,Male
IIT/Delhi,Bio Tech & Bio Engg.  (4105)/(4199) (4173),1950.0,3035.0,Male
IIT/Hyderabad,Bio Tech & Bio Engg.  (4105)/(4199) (4173),3244.0,3644.0,Male
IIT/BHU Varanasi,Bio Tech & Bio Engg.  (4105)/(4199) (4173),4501.0,5156.0,Male
IIT/Bombay,Environment Sc.  (410U)  Engg (4119),2055.0,2648.0,Male
IIT/ISM Dhanbad,Environment Sc.  (410U)  Engg (4119),5216.0,6075.0,Male
IIT/Bombay,Applied Engg & Geo Phy     (4215),3217.0,3641.0,Male
IIT/Kharagpur,Exploration Geophysics (4210 / Biotech 4205)Earth Sc,,,Male
IIT/Kanpur,Exploration Geophysics (4210 / Biotech 4205)Earth Sc,3877.0,4992.0,Male
IIT/Patna,B Tech Comp Sc. & MBA BG   (5408),1813.0,1813.0,Male
IIT/Patna,B Tech EEE & MBA BG   (5413),3315.0,3315.0,Male
IIT/Guwahati,Chemical Sci (4108)   / (5H2B)/ (4212),2883.0,3502.0,Male
IIT/ISM Dhanbad,Chemical Sci (4108)   / (5H2B)/ (4212),5960.0,6218.0,Male
IIT/Patna,Chemical Sci (4108)   / (5H2B)/ (4212),5122.0,5683.0,Male
IIT/Mandi,Chemical Sci (4108)   / (5H2B)/ (4212),6078.0,6312.0,Male
IIT/Patna,B Tech ECE & MBA BG   (5409),2825.0,2825.0,Male
IIT/Patna,B Tech Chem Sc. & MBA BG   (5406),5525.0,5525.0,Male
IIT/Patna,B Tech civil  & MBA BG   (5407) / CE + Geot (5A03),,,Male
IIT/Patna,B Tech Engg phy  & MBA BG   (5410),5687.0,5687.0,Male
IIT/Patna,B Tech metall & MBA BG   (5412),5926.0,5926.0,Male
IIT/Palakkad,Data Sc. & Engg.     (4187) ,2364.0,3230.0,Male
IIT/Roorkee,Physics   (5602) Physical Sci (5H0A)/ (4211),3934.0,5117.0,Male
IIT/ISM Dhanbad,Physics   (5602) Physical Sci (5H0A)/ (4211),5580.0,6264.0,Male
IIT/Roorkee,Chemical Sc. (5607) Applied Geophy (5307),3295.0,5241.0,Male
IIT/ISM Dhanbad,Chemical Sc. (5607) Applied Geophy (5307),5960.0,6218.0,Male
IIT/Roorkee,Geological Tech(5302) Min + MBA (5C02),4009.0,4545.0,Male
IIT/ISM Dhanbad,Geological Tech(5302) Min + MBA (5C02),5955.0,6202.0,Male
IIT/Delhi,Design       (412T),3916.0,5459.0,Male
IIT/Madras,Bio. Engg.   (4143) /(412N)Bio Sc. (4194)/ Biochem (4191),2032.0,3111.0,Male
IIT/Roorkee,Bio. Engg.   (4143) /(412N)Bio Sc. (4194)/ Biochem (4191),3162.0,3789.0,Male
IIT/Guwahati,Bio. Engg.   (4143) /(412N)Bio Sc. (4194)/ Biochem (4191),3921.0,4389.0,Male
IIT/Hyderabad,Bio. Engg.   (4143) /(412N)Bio Sc. (4194)/ Biochem (4191),3244.0,3644.0,Male
IIT/BHU Varanasi,Bio. Engg.   (4143) /(412N)Bio Sc. (4194)/ Biochem (4191),4790.0,5067.0,Male
IIT/Jodhpur,Bio. Engg.   (4143) /(412N)Bio Sc. (4194)/ Biochem (4191),5034.0,6116.0,Male
IIT/Kharagpur,Agriculture & Food Tech.   (4102) /(412W),3642.0,4671.0,Male
IIT/Ropar,Agriculture & Food Tech.   (4102) /(412W),4401.0,5699.0,Male
IIT/Mandi,Agriculture & Food Tech.   (4102) /(412W),4814.0,5705.0,Male
IIT/Kharagpur,Mining Engg. (4130)/ Space Engg/ Machin (4131),3596.0,4047.0,Male
IIT/BHU Varanasi,Mining Engg. (4130)/ Space Engg/ Machin (4131),4145.0,5329.0,Male
IIT/ISM Dhanbad,Mining Engg. (4130)/ Space Engg/ Machin (4131),,,Male
IIT/Mandi,B.Tech in Microelectro (411E),2070.0,2543.0,Male
IIT/Mandi,B.Tech in Gen. Engg.    (410Y),3357.0,4208.0,Male
IIT/Mandi,BS in Chemical Sc.   (4213),5718.0,6092.0,Male
IIT/Kharagpur,Ocean & Naval Engg.   (4133),3385.0,4173.0,Male
IIT/Roorkee,Geophysical Sc. (5303) Applied Geol (5306),2386.0,4080.0,Male
IIT/ISM Dhanbad,Geophysical Sc. (5303) Applied Geol (5306),5653.0,6155.0,Male
IIT/Hyderabad,Engg. Sci. (4118),1098.0,1299.0,Male
